,LR,RF,HGB
Average_F1,0.15713422786906386,0.32846301466697264,0.3967162497182781
