,LR,RF,HGB
F1@2023-06,0.0,0.1891891891891892,0.3103448275862069
